{
  "Good Fit": {
    "precision": 0.4622823984526112,
    "recall": 0.5218340611353712,
    "f1-score": 0.49025641025641026,
    "support": 458.0
  },
  "Potential Fit": {
    "precision": 0.4295774647887324,
    "recall": 0.5495495495495496,
    "f1-score": 0.48221343873517786,
    "support": 444.0
  },
  "No Fit": {
    "precision": 0.7596439169139466,
    "recall": 0.5974329054842473,
    "f1-score": 0.6688438928804703,
    "support": 857.0
  },
  "accuracy": 0.5656623081296192,
  "macro avg": {
    "precision": 0.5505012600517634,
    "recall": 0.5562721720563893,
    "f1-score": 0.5471045806240195,
    "support": 1759.0
  },
  "weighted avg": {
    "precision": 0.5989042465336812,
    "recall": 0.5656623081296192,
    "f1-score": 0.5752355991440693,
    "support": 1759.0
  }
}